{"data": [{"title": "DEF CON Safe Mode Red Team Village  - Chris Kubecka - Pwn the World", "video_url": "http://www.youtube.com/watch?v=JHrrOGjHiXQ", "thumbnail": "https://i.ytimg.com/vi/JHrrOGjHiXQ/hqdefault.jpg", "embed": "https://www.youtube.com/embed/JHrrOGjHiXQ?feature=oembed"}, {"title": "How to Recover Deleted Files & Data Using Microsoft\u2019s New Official File Recovery Tool (FREE)", "video_url": "http://www.youtube.com/watch?v=x_7yUKOtPM8", "thumbnail": "https://i.ytimg.com/vi/x_7yUKOtPM8/hqdefault.jpg", "embed": "https://www.youtube.com/embed/x_7yUKOtPM8?feature=oembed"}, {"title": "Dynamic Malware Analysis D3P07 Self Destruction", "video_url": "http://www.youtube.com/watch?v=Jp-11RFsrlc", "thumbnail": "https://i.ytimg.com/vi/Jp-11RFsrlc/hqdefault.jpg", "embed": "https://www.youtube.com/embed/Jp-11RFsrlc?feature=oembed"}, {"title": "How To Check Who Is Using My Number For SMS? [Hindi]", "video_url": "http://www.youtube.com/watch?v=L_5BHF23Grw", "thumbnail": "https://i.ytimg.com/vi/L_5BHF23Grw/hqdefault.jpg", "embed": "https://www.youtube.com/embed/L_5BHF23Grw?feature=oembed"}], "ok": true}